linkId,dir,workHref
004_0002,004_Паўлюк Багрым,"/Pauluk_Bahrym/Play_then,_play-eng.html"
015_0001,015_Кастусь Каліноўскі,"/Kastus_Kalinouski/Maryska_carnabreva,_halubka_maja.html"
015_0002,015_Кастусь Каліноўскі,"/Kastus_Kalinouski/Muzyckaja_prauda,_1.html"
015_0003,015_Кастусь Каліноўскі,"/Kastus_Kalinouski/Muzyckaja_prauda,_2.html"
015_0004,015_Кастусь Каліноўскі,"/Kastus_Kalinouski/Muzyckaja_prauda,_3.html"
015_0005,015_Кастусь Каліноўскі,"/Kastus_Kalinouski/Muzyckaja_prauda,_4.html"
015_0006,015_Кастусь Каліноўскі,"/Kastus_Kalinouski/Muzyckaja_prauda,_5.html"
015_0007,015_Кастусь Каліноўскі,"/Kastus_Kalinouski/Muzyckaja_prauda,_6.html"
015_0008,015_Кастусь Каліноўскі,"/Kastus_Kalinouski/Muzyckaja_prauda,_7.html"
018_0011,018_Францішак Багушэвіч,"/Francisak_Bahusevic/Hdzie_cort_nie_moza,_tam_babu_pasle.html"
018_0015,018_Францішак Багушэвіч,"/Francisak_Bahusevic/Durny_muzyk,_jak_varona.html"
018_0019,018_Францішак Багушэвіч,"/Francisak_Bahusevic/Kab_ja_moh_napisac_toje,_sto_u_dumcy.html"
018_0037,018_Францішак Багушэвіч,"/Francisak_Bahusevic/Ja_stary,_tamu_j_nie_znaju.html"
018_0042,018_Францішак Багушэвіч,"/Francisak_Bahusevic/Moli_sie,_majko-bul.html"
025_0007,025_Карусь Каганец,"/Karus_Kahaniec/Lasy,_bary_i_dubrovy.html"
025_0008,025_Карусь Каганец,"/Karus_Kahaniec/Oj,_u_poli_viecier_vieje.html"
025_0064,025_Карусь Каганец,"/Karus_Kahaniec/Sto_kazuch,_to_nie_vata.html"
025_0065,025_Карусь Каганец,"/Karus_Kahaniec/Sto_kazuch,_to_nie_vata_1979.html"
028_0015,028_Янка Купала,"/Janka_Kupala/Za_sto_Oj,_maje_vy_piesni_9t.html"
028_0033,028_Янка Купала,"/Janka_Kupala/Hej,_u_sviet.html"
028_0041,028_Янка Купала,"/Janka_Kupala/Vos_tak_chlopiec,_vos_tak_jon.html"
028_0042,028_Янка Купала,"/Janka_Kupala/Viartajucca_z_vyraju_zoravy,_husi.html"
028_0043,028_Янка Купала,"/Janka_Kupala/Hraj,_maja_zalejka.html"
028_0044,028_Янка Купала,"/Janka_Kupala/Hrymnu_ja,_hrymnu_pa_strunach_buntarnych.html"
028_0050,028_Янка Купала,"/Janka_Kupala/Za_pasviascennie,_viersyk_charosy.html"
028_0053,028_Янка Купала,"/Janka_Kupala/Kali_casam_tabie_serca_nyje,_balic.html"
028_0056,028_Янка Купала,"/Janka_Kupala/Mo_calaviekam_z_ruk,_z_vacej.html"
028_0059,028_Янка Купала,"/Janka_Kupala/Na_syrokim,_na_dalokim.html"
028_0063,028_Янка Купала,"/Janka_Kupala/Praz_sto_placas,_muzycok.html"
028_0066,028_Янка Купала,"/Janka_Kupala/Sumna,_sumna_zyc_na_sviecie.html"
028_0083,028_Янка Купала,"/Janka_Kupala/A_ty,_siracina.html"
028_0084,028_Янка Купала,"/Janka_Kupala/A_u_bary,_bary.html"
028_0100,028_Янка Купала,"/Janka_Kupala/Adhuknisia,_dusa.html"
028_0118,028_Янка Купала,"/Janka_Kupala/Ach,_ci_douha.html"
028_0176,028_Янка Купала,"/Janka_Kupala/Vyjdu,_vyjdu.html"
028_0194,028_Янка Купала,"/Janka_Kupala/Honis_mianie,_panicok.html"
028_0199,028_Янка Купала,"/Janka_Kupala/Hraj_za,_muzyka.html"
028_0200,028_Янка Купала,"/Janka_Kupala/Hrajcie,_piesni.html"
028_0211,028_Янка Купала,"/Janka_Kupala/Hej,_napierad.html"
028_0212,028_Янка Купала,"/Janka_Kupala/Hej,_pajechau_syn_Danila.html"
028_0215,028_Янка Купала,"/Janka_Kupala/Heta_kryk,_sto_zyvie_Bielarus.html"
028_0242,028_Янка Купала,"/Janka_Kupala/Dzie_ty,_scascie_majo.html"
028_0245,028_Янка Купала,"/Janka_Kupala/Dzien_dobry,_Maskva.html"
028_0250,028_Янка Купала,"/Janka_Kupala/Dziaucynka,_halubka_maja.html"
028_0256,028_Янка Купала,"/Janka_Kupala/Dla_tych,_jakich_lublu.html"
028_0269,028_Янка Купала,"/Janka_Kupala/Dusacka,_synkarka.html"
028_0277,028_Янка Купала,"/Janka_Kupala/Zalciesia,_hrajkija_struny.html"
028_0355,028_Янка Купала,"/Janka_Kupala/Zdajecca_z,_bylo_heta_ucora.html"
028_0361,028_Янка Купала,"/Janka_Kupala/Zmaucycie,_dumy.html"
028_0385,028_Янка Купала,"/Janka_Kupala/Kamu_vas,_piesni.html"
028_0416,028_Янка Купала,"/Janka_Kupala/Lubimos,_maje_susiedzi.html"
028_0458,028_Янка Купала,"/Janka_Kupala/Music,_treba_bylo.html"
028_0532,028_Янка Купала,"/Janka_Kupala/Nie_capajsia,_panicok.html"
028_0547,028_Янка Купала,"/Janka_Kupala/Oj,_viadu_biadu.html"
028_0549,028_Янка Купала,"/Janka_Kupala/Oj,_camu_na_chaty_hetyja.html"
028_0560,028_Янка Купала,"/Janka_Kupala/Padymajsia,_ustavaj.html"
028_0562,028_Янка Купала,"/Janka_Kupala/Pakachaj_mianie,_dziaucynka.html"
028_0567,028_Янка Купала,"/Janka_Kupala/Palaci,_maja_mysl.html"
028_0634,028_Янка Купала,"/Janka_Kupala/Pracaj_druznaj,_kalektyunaj.html"
028_0649,028_Янка Купала,"/Janka_Kupala/Razviejsia,_tuman.html"
028_0653,028_Янка Купала,"/Janka_Kupala/Rvisia,_dumka.html"
028_0676,028_Янка Купала,"/Janka_Kupala/Siej,_volny_siejbit.html"
028_0681,028_Янка Купала,"/Janka_Kupala/Slava_tabie,_Armija.html"
028_0685,028_Янка Купала,"/Janka_Kupala/Smutna_mnie,_boza.html"
028_0719,028_Янка Купала,"/Janka_Kupala/Tabie,_pravadyr.html"
028_0732,028_Янка Купала,"/Janka_Kupala/Ty_z_Zachodniaj,_ja_z_Uschodniaj.html"
028_0733,028_Янка Купала,"/Janka_Kupala/Ty_mnie_piesniu_spiej,_dziaucyna.html"
028_0735,028_Янка Купала,"/Janka_Kupala/Ty,_zialonaja_dubrava.html"
028_0751,028_Янка Купала,"/Janka_Kupala/Uznimisia,_sciah_cyrvony.html"
028_0781,028_Янка Купала,"/Janka_Kupala/Ci_ty_uzojdzies_kali,_sonca.html"
028_0801,028_Янка Купала,"/Janka_Kupala/Cyn,_hierb_i_lapac.html"
028_0839,028_Янка Купала,"/Janka_Kupala/Jak_pajdu_ja,_pajdu.html"
028_0854,028_Янка Купала,"/Janka_Kupala/Jastrab,_lisica_j_pievien.html"
028_0880,028_Янка Купала,"/Janka_Kupala/U_casie,_kali_pan_nad_nami.html"
028_0921,028_Янка Купала,"/Janka_Kupala/Closed_in_dreams,_with_pain_for_all_time_persisting-eng.html"
028_0925,028_Янка Купала,"/Janka_Kupala/I_love_thee,_land-eng.html"
028_0948,028_Янка Купала,"/Janka_Kupala/Moja_molitva_I_v_pole_razdolnom,_i_v_chatkie_s_okonciem-rus.html"
028_0949,028_Янка Купала,"/Janka_Kupala/Moja_molitva_Ja_budu_molitsia_i_sierdciem,_i_dumami-rus.html"
028_0960,028_Янка Купала,"/Janka_Kupala/Hiej,_u_svit-ukr.html"
028_0973,028_Янка Купала,"/Janka_Kupala/Po_miezach_ridnich,_die_rozora-ukr.html"
028_0986,028_Янка Купала,"/Maryja_Kanapnickaja/Zbudziusia_les,_azvausia_les.html"
028_1001,028_Янка Купала,"/Ivan_Krylou/Lebiedz,_scupak_i_rak.html"
028_1002,028_Янка Купала,"/Ivan_Krylou/Lebiedz,_Scupak_i_Rak.html"
028_1019,028_Янка Купала,"/Nieviadomy/Slova_ab_palku_Iharavym,_Ihara,_syna_Sviataslauleva,_unuka_Alehava.html"
028_1020,028_Янка Купала,"/Mikalaj_Niakrasau/Sto_ni_hod,_pamiansajucca_sily.html"
028_1046,028_Янка Купала,"/Taras_Saucenka/Dumka_Viecier_bujny,_viecier_bujny.html"
028_1047,028_Янка Купала,"/Taras_Saucenka/Dumka_Ciazka,_ciazka_zyc_na_sviecie.html"
029_0013,029_Якуб Колас,"/Jakub_Kolas/I_ja_stary,_stary_i_moj_susied.html"
029_0014,029_Якуб Колас,"/Jakub_Kolas/Adstanu_ja,_i_cas_razluki.html"
029_0017,029_Якуб Колас,"/Jakub_Kolas/Butelecka,_butelecka.html"
029_0026,029_Якуб Колас,"/Jakub_Kolas/Hudzie_ziamla,_dryzac_lasy.html"
029_0033,029_Якуб Колас,"/Jakub_Kolas/Dzie_b_ni_byu_ja,_sto_b_ni_dumau.html"
029_0035,029_Якуб Колас,"/Jakub_Kolas/Dumki_ujucca,_tomiac_hrudzi.html"
029_0037,029_Якуб Колас,"/Jakub_Kolas/Zapytaj_ty_siabie,_calavieca.html"
029_0039,029_Якуб Колас,"/Jakub_Kolas/Lud_stohnie,_haruje_pad_ciazaram_mieca.html"
029_0040,029_Якуб Колас,"/Jakub_Kolas/Lazu_ja_chvory,_aslabiely.html"
029_0042,029_Якуб Колас,"/Jakub_Kolas/Moj_zrok,_jak_lod_chalodny.html"
029_0043,029_Якуб Колас,"/Jakub_Kolas/My_maucali,_jak_niamyja.html"
029_0047,029_Якуб Колас,"/Jakub_Kolas/Nie_viedaju,_kamu_skazac_mnie_dziakuj.html"
029_0050,029_Якуб Колас,"/Jakub_Kolas/Nie_pytajcie,_nie_prasiecie.html"
029_0051,029_Якуб Колас,"/Jakub_Kolas/Ni_krasak,_ni_zykau_Zamierla_pryroda.html"
029_0055,029_Якуб Колас,"/Jakub_Kolas/Niachaj_sabie_ludzi_kazuc,_sto_chocuc.html"
029_0056,029_Якуб Колас,"/Jakub_Kolas/Niachaj,_jak_sonca_u_kroplach_rosau.html"
029_0062,029_Якуб Колас,"/Jakub_Kolas/Prazrystaje_nieba,_zialony_hrudok.html"
029_0066,029_Якуб Колас,"/Jakub_Kolas/Razharni_hetu_knizku,_druzok.html"
029_0070,029_Якуб Колас,"/Jakub_Kolas/Spytaju,_a_vy_adkazycie.html"
029_0073,029_Якуб Колас,"/Jakub_Kolas/Taja_z_samaja_dal,_toj_za_samy_razloh.html"
029_0076,029_Якуб Колас,"/Jakub_Kolas/Usmichnulasia,_zardziela.html"
029_0077,029_Якуб Колас,"/Jakub_Kolas/Ci_doma_ja,_ci_ja_u_pachodzie.html"
029_0085,029_Якуб Колас,"/Jakub_Kolas/Ja_pomniu,_byu_i_ja_bahaty.html"
029_0154,029_Якуб Колас,"/Jakub_Kolas/Bylo,_dy_splylo.html"
029_0262,029_Якуб Колас,"/Jakub_Kolas/Dusoju_i_sercam_my_z_vami,_hieroi.html"
029_0272,029_Якуб Колас,"/Jakub_Kolas/Zyvi,_narod.html"
029_0273,029_Якуб Колас,"/Jakub_Kolas/Zyvi,_svabodnaja_Ispanija.html"
029_0331,029_Якуб Колас,"/Jakub_Kolas/Kamaninu,_Molakavu_i_Slapniovu.html"
029_0337,029_Якуб Колас,"/Jakub_Kolas/Kapajcie_jamu,_dalakopy.html"
029_0413,029_Якуб Колас,"/Jakub_Kolas/Michasiovy_pryhody_1933,_1935.html"
029_0506,029_Якуб Колас,"/Jakub_Kolas/Nieviasiolaja,_ciazarnaja_para.html"
029_0511,029_Якуб Колас,"/Jakub_Kolas/Novamu,_1915_hodu.html"
029_0578,029_Якуб Колас,"/Jakub_Kolas/Paet,_nie_nasi_hitary.html"
029_0708,029_Якуб Колас,"/Jakub_Kolas/Stalin,_partyja_i_narod.html"
029_0798,029_Якуб Колас,"/Jakub_Kolas/Cujes,_kraj_moj_mily.html"
029_0944,029_Якуб Колас,"/Jakub_Kolas/Natalka,_Dzon_i_mucha.html"
029_0945,029_Якуб Колас,"/Jakub_Kolas/Nasa_sialo,_ludzi_i_sto_robicca_u_siale.html"
029_0983,029_Якуб Колас,"/Jakub_Kolas/Tudy,_na_zachad.html"
029_1050,029_Якуб Колас,"/Jakub_Kolas/Noc,_kali_paparac_cvicie_kazki_zyccia.html"
029_1083,029_Якуб Колас,"/Jakub_Kolas/Noc,_kali_paparac_cvicie_kazki_zyccia_var.html"
029_1187,029_Якуб Колас,"/Hieorh_Chervieh/Sviet_vam_kaza,_kab_malilis.html"
029_1188,029_Якуб Колас,"/Taras_Saucenka/Zavarazy_mianie,_volchvie.html"
029_1192,029_Якуб Колас,"/Taras_Saucenka/Caho_mnie_tak_ciazka,_caho_mnie_tak_nudna.html"
029_1193,029_Якуб Колас,"/Taras_Saucenka/Cyhrynie,_Cyhrynie.html"
031_0004,031_Максім Багдановіч,"/Maksim_Bahdanovic/Zyvies_nia_viecna,_calaviek.html"
031_0012,031_Максім Багдановіч,"/Maksim_Bahdanovic/Plakala_leta,_ziamlu_pakidajucy.html"
031_0019,031_Максім Багдановіч,"/Maksim_Bahdanovic/Cioply_viecar,_cichi_viecier.html"
031_0072,031_Максім Багдановіч,"/Maksim_Bahdanovic/Tai_sukites,_sparnai_maluno-lit.html"
031_0075,031_Максім Багдановіч,"/Maksim_Bahdanovic/Dobroj_noci,_zaria-zarianica-rus.html"
032_0016,032_Алесь Гарун,"/Ales_Harun/Babula,_kazku_spz.html"
032_0022,032_Алесь Гарун,"/Ales_Harun/Braccia,_k_ahulnamu_scasciu_spz.html"
032_0026,032_Алесь Гарун,"/Ales_Harun/Viecier_asienni_chalodny,_siardzity_spz.html"
032_0038,032_Алесь Гарун,"/Ales_Harun/Hej_za_z,_maja_vioska_spz.html"
032_0039,032_Алесь Гарун,"/Ales_Harun/Dajcie_mnie_slou,_jak_zviniucy_krystal_spz.html"
032_0044,032_Алесь Гарун,"/Ales_Harun/Dzie_jasnyja_zory,_na_nieba_daroha_spz.html"
032_0051,032_Алесь Гарун,"/Ales_Harun/Dobry_viecar,_moj_Jazepka_spz.html"
032_0079,032_Алесь Гарун,"/Ales_Harun/Kvolaja_kvietacka,_blednaja_ruzacka_spz.html"
032_0082,032_Алесь Гарун,"/Ales_Harun/Lotala_cajka,_sumna_krycala_spz.html"
032_0097,032_Алесь Гарун,"/Ales_Harun/Milaja,_rodnaja_staronka_-_maci.html"
032_0107,032_Алесь Гарун,"/Ales_Harun/Nad_vadoju,_nad_rakoju_spz.html"
032_0111,032_Алесь Гарун,"/Ales_Harun/Nie_zurusia,_sto_nie_maju_spz.html"
032_0133,032_Алесь Гарун,"/Ales_Harun/Razvaz,_haju_zielanienki_spz.html"
032_0141,032_Алесь Гарун,"/Ales_Harun/Skazy,_bratuchna.html"
032_0175,032_Алесь Гарун,"/Ales_Harun/Ech,_siahonnia.html"
032_0181,032_Алесь Гарун,"/Ales_Harun/Jak_nie_plakac,-_ja_z_sirotka_spz.html"
036_0031,036_Уладзіслаў Галубок,"/Uladzislau_Halubok/Za_scylnuju_suviaz_aktora,_pismiennika_i_hledaca.html"
036_0046,036_Уладзіслаў Галубок,"/Uladzislau_Halubok/Nie_paklausy,_nie_vozmies.html"
036_0070,036_Уладзіслаў Галубок,"/Uladzislau_Halubok/Cakaj,_bracie.html"
039_0024,039_Цішка Гартны,"/Ciska_Hartny/Biez_pary_pamior_ty,_bracie.html"
039_0051,039_Цішка Гартны,"/Ciska_Hartny/Dojdziem,_synok.html"
039_0054,039_Цішка Гартны,"/Ciska_Hartny/Zahudzi_ty,_viecier.html"
039_0064,039_Цішка Гартны,"/Ciska_Hartny/Krasuj,_zbozza.html"
046_0001,046_Канстанцыя Буйло,/Kanstancyja_Bujlo/Adna.html
046_0002,046_Канстанцыя Буйло,/Kanstancyja_Bujlo/Bez.html
046_0004,046_Канстанцыя Буйло,"/Kanstancyja_Bujlo/Vocy_seryja,_a_blask_ich_-_zalaty.html"
046_0005,046_Канстанцыя Буйло,/Kanstancyja_Bujlo/Hostra_u_chvorym_sercy_uspychnula_tryvoha.html
046_0006,046_Канстанцыя Буйло,/Kanstancyja_Bujlo/Dziaucyna.html
046_0007,046_Канстанцыя Буйло,/Kanstancyja_Bujlo/Dobry_viecar.html
046_0014,046_Канстанцыя Буйло,/Kanstancyja_Bujlo/Lahodny_viecar_syple_u_recku_kraski.html
046_0015,046_Канстанцыя Буйло,/Kanstancyja_Bujlo/Lebiadzinaja_piesnia.html
046_0016,046_Канстанцыя Буйло,/Kanstancyja_Bujlo/Lipy.html
046_0017,046_Канстанцыя Буйло,/Kanstancyja_Bujlo/Lublu.html
046_0018,046_Канстанцыя Буйло,"/Kanstancyja_Bujlo/Lublu_ahon,_sto_nielha_patusyc.html"
046_0019,046_Канстанцыя Буйло,"/Kanstancyja_Bujlo/Laci,_dumka.html"
046_0020,046_Канстанцыя Буйло,/Kanstancyja_Bujlo/Mahila.html
046_0021,046_Канстанцыя Буйло,/Kanstancyja_Bujlo/Majo_scascie_mima_tolki_sto_prajslo.html
046_0022,046_Канстанцыя Буйло,/Kanstancyja_Bujlo/Miacielica.html
046_0023,046_Канстанцыя Буйло,/Kanstancyja_Bujlo/Na_krylli_piesni.html
046_0034,046_Канстанцыя Буйло,/Kanstancyja_Bujlo/Rana.html
046_0035,046_Канстанцыя Буйло,/Kanstancyja_Bujlo/Rusalki.html
046_0036,046_Канстанцыя Буйло,/Kanstancyja_Bujlo/Ruta.html
046_0037,046_Канстанцыя Буйло,/Kanstancyja_Bujlo/Snieh.html
046_0038,046_Канстанцыя Буйло,/Kanstancyja_Bujlo/Tamu_mnie_sumna_zyc_na_sviecie.html
046_0039,046_Канстанцыя Буйло,/Kanstancyja_Bujlo/Tapola.html
046_0040,046_Канстанцыя Буйло,/Kanstancyja_Bujlo/To_nie_piesnia.html
046_0041,046_Канстанцыя Буйло,/Kanstancyja_Bujlo/U_biassonnuju_noc.html
046_0043,046_Канстанцыя Буйло,/Kanstancyja_Bujlo/U_krainie_mar.html
046_0044,046_Канстанцыя Буйло,/Kanstancyja_Bujlo/Cichim_homanam_hordych_viarsyn.html
046_0045,046_Канстанцыя Буйло,/Kanstancyja_Bujlo/Seraja_hadzina.html
046_0046,046_Канстанцыя Буйло,/Kanstancyja_Bujlo/Ja_chaciela_b_prarasci_sasnoj.html
060_0006,060_Міхась Чарот,"/Michas_Carot/Viedaj,_sviet.html"
060_0029,060_Міхась Чарот,"/Michas_Carot/Calaviek,_jaki_nie_radziusia.html"
061_0018,061_Кандрат Крапіва,"/Kandrat_Krapiva/Balabon_da_pary,_balabon_zbor5.html"
061_0041,061_Кандрат Крапіва,"/Kandrat_Krapiva/Hitler_Marcie_pahrazaje,_camu_Marta_nie_radzaje_zbor5.html"
061_0054,061_Кандрат Крапіва,"/Kandrat_Krapiva/Dzicia,_Vozyk_i_Zmiaja_zbor5.html"
061_0127,061_Кандрат Крапіва,"/Kandrat_Krapiva/Nie_hubi_siabie,_dziaucyna_zbor5.html"
061_0156,061_Кандрат Крапіва,"/Kandrat_Krapiva/Sava,_Asiol_dy_Sonca_zbor5.html"
061_0188,061_Кандрат Крапіва,"/Kandrat_Krapiva/Ci_to_zdolny_piasniar,_ci_to_modny_platkar_zbor5.html"
061_0200,061_Кандрат Крапіва,"/Kandrat_Krapiva/Sepca_babka,_sepca_zbor5.html"
061_0324,061_Кандрат Крапіва,"/Ivan_Krylou/Zaby,_jakija_prasili_Cara.html"
061_0350,061_Кандрат Крапіва,"/Uladzimir_Majakouski/Niezvycajnaja_pryhoda,_sto_adbylasia_z_Uladzimiram_Majakouskim_na_dacy.html"
067_0001,067_Уладзімір Жылка,"/Uladzimir_Zylka/Boza,_nie_smat_zastalosia.html"
067_0002,067_Уладзімір Жылка,"/Uladzimir_Zylka/Budz_blaslaulona,_maja_maladosc.html"
067_0003,067_Уладзімір Жылка,"/Uladzimir_Zylka/Biasspynna,_hlucha_procma_casu.html"
067_0007,067_Уладзімір Жылка,"/Uladzimir_Zylka/Darma,_sto_znacny_rany.html"
067_0011,067_Уладзімір Жылка,"/Uladzimir_Zylka/I_u_sercy_boza,_jakavo.html"
067_0017,067_Уладзімір Жылка,"/Uladzimir_Zylka/Letunkovasc,_nierasucasc.html"
067_0018,067_Уладзімір Жылка,"/Uladzimir_Zylka/Lublu,_nie_znajucy_puciny.html"
067_0026,067_Уладзімір Жылка,"/Uladzimir_Zylka/Nas_los,_by_kat_z_rukoj_zabojnaj.html"
067_0034,067_Уладзімір Жылка,"/Uladzimir_Zylka/O,_heta_apoviesc_zvycajna_j_karotka.html"
067_0035,067_Уладзімір Жылка,"/Uladzimir_Zylka/Padaroznym,_bozanka.html"
067_0039,067_Уладзімір Жылка,"/Uladzimir_Zylka/Tolki_toj,_cyj_volny_duch.html"
067_0044,067_Уладзімір Жылка,"/Uladzimir_Zylka/Chto_muzny,_chto_smiely.html"
067_0051,067_Уладзімір Жылка,"/Uladzimir_Zylka/Jak_usio_u_zycci,_jasce_viasna.html"
067_0052,067_Уладзімір Жылка,"/Uladzimir_Zylka/Jasnata,_pieknata.html"
068_0011,068_Уладзімір Дубоўка,"/Uladzimir_Dubouka/Zalataja,_asienniaja_ranica.html"
068_0013,068_Уладзімір Дубоўка,"/Uladzimir_Dubouka/O_Bielarus,_maja_sypsyna.html"
068_0016,068_Уладзімір Дубоўка,"/Uladzimir_Dubouka/Rodnaja_mova,_cudounaja_mova.html"
070_0003,070_Язэп Пушча,"/Jazep_Pusca/Za_usio,_za_usio_vam_dziakuj.html"
078_0001,078_Адам Русак,"/Adam_Rusak/Dzie_ty,_zorka_maja.html"
083_0029,083_Пятрусь Броўка,"/Piatrus_Brouka/Budziem_siejac,_bielarusy.html"
094_0006,094_Алесь Звонак,"/Ales_Zvonak/Asienni_cholad,_styn_i_biezdarozza.html"
094_0007,094_Алесь Звонак,"/Ales_Zvonak/Asfalt,_i_pyl.html"
094_0018,094_Алесь Звонак,"/Ales_Zvonak/Dozdz_idzie,_i_na_sercy_markotna.html"
094_0029,094_Алесь Звонак,"/Ales_Zvonak/Noc_Nada_mnoj,_nad_taboju_ciarusycca_snieh.html"
094_0041,094_Алесь Звонак,"/Ales_Zvonak/Prachodziac_chviliny,_minajuc_hadziny.html"
094_0043,094_Алесь Звонак,"/Ales_Zvonak/U_hetuju_noc_biazzornuju,_sivuju.html"
094_0045,094_Алесь Звонак,"/Ales_Zvonak/Usio_minie,_a_prauda_zastaniecca.html"
094_0093,094_Алесь Звонак,"/Ales_Zvonak/Hady_prajsli,_a_ja_usio_pomniu.html"
094_0122,094_Алесь Звонак,"/Ales_Zvonak/Zyvi,_mif_svietly.html"
094_0143,094_Алесь Звонак,"/Ales_Zvonak/Ziamla_maja,_lubou_maja.html"
094_0249,094_Алесь Звонак,"/Ales_Zvonak/Radki_zyvuc,_napounienyja_vieraj.html"
094_0302,094_Алесь Звонак,"/Ales_Zvonak/Tam,_dzie_zajmajecca_dzien.html"
095_0004,095_Сяргей Дзяргай,"/Michail_Lermantau/Kali_chvalujecca,_pacichu_zouknie_niva_dzia.html"
105_0004,105_Максім Лужанін,"/Maksim_Luzanin/Adkul_za_znou_pauzies,_tryvoha.html"
105_0011,105_Максім Лужанін,"/Maksim_Luzanin/Vychodzu_u_les,_krysu_akrajec.html"
105_0029,105_Максім Лужанін,"/Maksim_Luzanin/Nie_pasmichajsia_ty,_atam_rasscepleny.html"
105_0030,105_Максім Лужанін,"/Maksim_Luzanin/Nie_cakalasia,_nie_hadalasia.html"
105_0034,105_Максім Лужанін,"/Maksim_Luzanin/Pazary,_vichury.html"
105_0047,105_Максім Лужанін,"/Maksim_Luzanin/Ciahnik,_uskocyusy_u_tuniel.html"
105_0053,105_Максім Лужанін,"/Maksim_Luzanin/Ja_znaju,_sonca_-_zalatoje.html"
105_0064,105_Максім Лужанін,"/Maksim_Luzanin/Acenki,_sto_u_ich_dobraje.html"
105_0096,105_Максім Лужанін,"/Maksim_Luzanin/Dozdz_Krasavik,_1945.html"
105_0129,105_Максім Лужанін,"/Maksim_Luzanin/Krytyku,_jaki_dakarau_za_archaizmy.html"
105_0210,105_Максім Лужанін,"/Maksim_Luzanin/Tyja,_ab_kim_pisau.html"
119_0029,119_Васіль Вітка,"/Fiodar_Ciutcau/Josc_niezabyuny,_razvitalny.html"
126_0001,126_Аляксей Русецкі,"/Alaksiej_Rusiecki/Nastanie_ranak,_dzien_minie.html"
128_0053,128_Сяргей Грахоўскі,"/Siarhiej_Jasienin/List_za_listam_hajdajecca,_padaje.html"
129_0005,129_Эдзі Агняцвет,"/Alaksandar_Puskin/Tabie,_paetu_i_hieroju.html"
131_0008,131_Аркадзь Куляшоў,"/Arkadz_Kulasou/Ad_scascia_serca_skaca,_jak_dzicia.html"
131_0015,131_Аркадзь Куляшоў,"/Arkadz_Kulasou/Hadzinnik_moj_-_nie_sonca,_sto_u_zienicie.html"
131_0040,131_Аркадзь Куляшоў,"/Arkadz_Kulasou/Niabiosy_-_akijan,_ja_znau_dauno.html"
131_0044,131_Аркадзь Куляшоў,"/Arkadz_Kulasou/Plyla,_calavalasia_chmara_z_ziamloj.html"
131_0059,131_Аркадзь Куляшоў,"/Arkadz_Kulasou/Jak_dzien_adychodzic,_prychodzic_niabyt.html"
131_0079,131_Аркадзь Куляшоў,"/Michail_Lermantau/I_sumna,_i_nudna.html"
131_0093,131_Аркадзь Куляшоў,"/Michail_Lermantau/Ja_nie_chacu,_kab_sviet_cytau.html"
131_0099,131_Аркадзь Куляшоў,"/Siarhiej_Jasienin/Adychodzim,_niby_u_padarozza.html"
143_0040,143_Пімен Панчанка ,"/Pimien_Pancanka/Ahryzajecca,_dy_zvuzajecca.html"
143_0056,143_Пімен Панчанка ,"/Pimien_Pancanka/Davoli_vam,_dzieci.html"
143_0058,143_Пімен Панчанка ,"/Pimien_Pancanka/Darujcie_backam,_sto_zadajuc_svaim.html"
143_0068,143_Пімен Панчанка ,"/Pimien_Pancanka/Zviazac_by_usich,_chto_prahnie_novaj_bojni.html"
143_0069,143_Пімен Панчанка ,"/Pimien_Pancanka/Zdarajecca,_casami_ja_rablu.html"
143_0072,143_Пімен Панчанка ,"/Pimien_Pancanka/Zialony_Minsk,_stary_tvoj_sad_pasiekla.html"
143_0073,143_Пімен Панчанка ,"/Pimien_Pancanka/Ziamla_maja_to_miakkaja,_to_mulkaja.html"
143_0077,143_Пімен Панчанка ,"/Pimien_Pancanka/Iznouku_hrom_na_les,_na_holy.html"
143_0078,143_Пімен Панчанка ,"/Pimien_Pancanka/Iluzii,_iluzii.html"
143_0114,143_Пімен Панчанка ,"/Pimien_Pancanka/Pazyc_da_dna_-_i_kropka,_hodzie.html"
143_0125,143_Пімен Панчанка ,"/Pimien_Pancanka/Reki_nie_viartajucca,_jak_kazuc.html"
143_0133,143_Пімен Панчанка ,"/Pimien_Pancanka/Tam,_dzie_umounaja_konskaja_sila.html"
143_0134,143_Пімен Панчанка ,"/Pimien_Pancanka/To_u_nadziejach,_to_u_skrusie.html"
143_0135,143_Пімен Панчанка ,"/Pimien_Pancanka/To_u_pracy,_to_u_dymnym_pachodzie.html"
143_0155,143_Пімен Панчанка ,"/Pimien_Pancanka/Jamu_pad_sescdziesiat,_i_casta_jon_ciapier.html"
143_0172,143_Пімен Панчанка ,"/Pimien_Pancanka/Busly,_busly.html"
143_0181,143_Пімен Панчанка ,"/Pimien_Pancanka/Hajna,_Hajna.html"
143_0284,143_Пімен Панчанка ,"/Pimien_Pancanka/Spi_spakojna,_darahi_tavarys.html"
143_0307,143_Пімен Панчанка ,"/Pimien_Pancanka/Ja_ab_dzieciach,_ab_dzieciach.html"
143_0321,143_Пімен Панчанка ,"/Pimien_Pancanka/Dazie_tuci,_kak_vidienje-rus.html"
147_0025,147_Алесь Бачыла,"/Ales_Bacyla/Sercy,_adkrytyja_kachanniu.html"
147_0028,147_Алесь Бачыла,"/Ales_Bacyla/Scyryja,_sardecnyja_piesni.html"
147_0037,147_Алесь Бачыла,"/Alaksiej_Talstoj/Zalaty_klucyk,_abo_Pryhody_Buraciny.html"
160_0018,160_Аляксей Пысін,"/Alaksiej_Pysin/Sady,_jak_bielahrudyja_miadzviedzi.html"
170_0001,170_Еўдакія Лось,"/Jeudakija_Los/Baraulany,_Baraulany.html"
170_0005,170_Еўдакія Лось,"/Jeudakija_Los/Casy,_sto_krouju_hlebu_rosiac.html"
175_0024,175_Уладзімір Караткевіч,"/Uladzimir_Karatkievic/Vierabiej,_sava_i_ptusyny_sud.html"
175_0033,175_Уладзімір Караткевіч,"/Uladzimir_Karatkievic/Pan_tvanny,_slachcic_bahniany.html"
175_0041,175_Уладзімір Караткевіч,"/Uladzimir_Karatkievic/O_lubou_maja,_Bielarus.html"
175_0045,175_Уладзімір Караткевіч,"/Uladzimir_Karatkievic/Balada_pra_Viacka,_kniazia_ludziej_prostych.html"
175_0182,175_Уладзімір Караткевіч,"/Uladzimir_Karatkievic/Ahon_z_vysyn_-_i_dom_tvoj,_jak_sviaca.html"
175_0194,175_Уладзімір Караткевіч,"/Uladzimir_Karatkievic/Z_vytokau_da_vuscia_raki,_sto_niaspynna_biazyc.html"
175_0195,175_Уладзімір Караткевіч,"/Uladzimir_Karatkievic/Za_starym,_zakinutym_mlynam.html"
175_0203,175_Уладзімір Караткевіч,"/Uladzimir_Karatkievic/I_caho_heta,_tavarys.html"
175_0207,175_Уладзімір Караткевіч,"/Uladzimir_Karatkievic/Miesiac_nad_sadam,_ad_kviecieni_bielym.html"
175_0211,175_Уладзімір Караткевіч,"/Uladzimir_Karatkievic/Na_paustankach,_zasypanych_lisciem_biarozavym.html"
175_0221,175_Уладзімір Караткевіч,"/Uladzimir_Karatkievic/Pa-nad_scyraju_Scaraj,_nad_scodraju_Scaraj.html"
175_0224,175_Уладзімір Караткевіч,"/Uladzimir_Karatkievic/Prypadzi_da_mianie,_prypadzi.html"
175_0228,175_Уладзімір Караткевіч,"/Uladzimir_Karatkievic/Spis_Ja_pryjdu,_pahuskaju.html"
175_0234,175_Уладзімір Караткевіч,"/Uladzimir_Karatkievic/Taja_zonka,_jakuju_viedau.html"
175_0236,175_Уладзімір Караткевіч,"/Uladzimir_Karatkievic/Tut_kozny_siadau_by,_dzie_schoca.html"
175_0238,175_Уладзімір Караткевіч,"/Uladzimir_Karatkievic/Ty_nie_snisia_mnie,_mama.html"
175_0240,175_Уладзімір Караткевіч,"/Uladzimir_Karatkievic/U_dniaprouskich_chvalach,_by_u_kalyscy.html"
175_0241,175_Уладзімір Караткевіч,"/Uladzimir_Karatkievic/U_biezdarozza_dla_tych,_kamu_scacin.html"
175_0246,175_Уладзімір Караткевіч,"/Uladzimir_Karatkievic/Ciahniki_zaspiavali,_zaplakali.html"
175_0277,175_Уладзімір Караткевіч,"/Uladzimir_Karatkievic/Balada_pra_Nieviadomaha,_Piersaha.html"
175_0282,175_Уладзімір Караткевіч,"/Uladzimir_Karatkievic/Balada_pra_calavieka,_jaki_zmahausia_sa_smierciu.html"
175_0290,175_Уладзімір Караткевіч,"/Uladzimir_Karatkievic/Biekies,_abo_Oda_jerasi_Balada_1555_hoda.html"
175_0316,175_Уладзімір Караткевіч,"/Uladzimir_Karatkievic/Vysejsyja_zyvioly,_abo_Vianiec_tvarennia.html"
175_0324,175_Уладзімір Караткевіч,"/Uladzimir_Karatkievic/Hladzu_na_tuju,_sto_spic.html"
175_0329,175_Уладзімір Караткевіч,"/Uladzimir_Karatkievic/Da_novych,_jasce_syrejsych_dalahladau.html"
175_0330,175_Уладзімір Караткевіч,"/Uladzimir_Karatkievic/Daroha,_jakuju_prajsou.html"
175_0332,175_Уладзімір Караткевіч,"/Uladzimir_Karatkievic/Dzied_Cypruk,_vartaunik_kalhasnaha_stauka.html"
175_0350,175_Уладзімір Караткевіч,"/Uladzimir_Karatkievic/Z_zornaha_siajva_i_pieny_kryvavaj,_abo_Paema_ad_pavarocie_styrna.html"
175_0352,175_Уладзімір Караткевіч,"/Uladzimir_Karatkievic/Za_pieraval,_siabram.html"
175_0482,175_Уладзімір Караткевіч,"/Uladzimir_Karatkievic/Ramans_pra_karala,_sto_pakinuu_tron.html"
175_0509,175_Уладзімір Караткевіч,"/Uladzimir_Karatkievic/Sciudzionaja_viasna,_abo_1000_hod_i_7_dzion.html"
175_0556,175_Уладзімір Караткевіч,"/Uladzimir_Karatkievic/Jak_mianie_pierakladali_na_japonskuju_movu,_abo_letavylicennie.html"
175_0599,175_Уладзімір Караткевіч,"/Uladzimir_Karatkievic/Stroka_biessporna,_biezupriecna-rus.html"
177_0004,177_Алег Лойка,"/Aleh_Lojka/Jak_ahon,_jak_vada.html"
180_0010,180_Ніл Гілевіч,"/Nil_Hilevic/Ach,_jakaja_nad_Hajnaj_kupalskaja_noc.html"
180_0013,180_Ніл Гілевіч,"/Nil_Hilevic/Zamiraje,_scichaje.html"
180_0015,180_Ніл Гілевіч,"/Nil_Hilevic/Milaja_maja_Toj_viers,_jakoha.html"
180_0017,180_Ніл Гілевіч,"/Nil_Hilevic/O,_Bielarus.html"
180_0018,180_Ніл Гілевіч,"/Nil_Hilevic/Paklon_tabie,_moj_bielaruski_kraju.html"
180_0019,180_Ніл Гілевіч,"/Nil_Hilevic/Sviatocny,_starazytny_duch_kaladny.html"
180_0020,180_Ніл Гілевіч,"/Nil_Hilevic/Spiavajcie,_junyja_paety.html"
180_0021,180_Ніл Гілевіч,"/Nil_Hilevic/Ja_chadzu,_zakachany_u_tvaje_krajavidy.html"
181_0003,181_Анатоль Вярцінскі,"/Anatol_Viarcinski/Zyccio_dajecca,_kab_zyccio_tvaryc.html"
181_0004,181_Анатоль Вярцінскі,"/Anatol_Viarcinski/My,_miod_i_pcala.html"
184_0003,184_Пятрусь Макаль,"/Piatrus_Makal/-_Synku,_hulaj.html"
184_0004,184_Пятрусь Макаль,"/Piatrus_Makal/-_Ja,_vyhnannik_viasny.html"
184_0009,184_Пятрусь Макаль,"/Piatrus_Makal/Ab_tym,_kudy_ja_jedu.html"
184_0011,184_Пятрусь Макаль,"/Piatrus_Makal/Ad_tarmazou_-_sipaty,_dymny_visk.html"
184_0017,184_Пятрусь Макаль,"/Piatrus_Makal/Ach,_jak_brava.html"
184_0018,184_Пятрусь Макаль,"/Piatrus_Makal/Ach,_jak_stralaje_puha.html"
184_0020,184_Пятрусь Макаль,"/Piatrus_Makal/Baissia,_sto_miazu.html"
184_0024,184_Пятрусь Макаль,"/Piatrus_Makal/Bor,_jak_rozdum.html"
184_0036,184_Пятрусь Макаль,"/Piatrus_Makal/Vybacaj,_sto_nie_znaju.html"
184_0048,184_Пятрусь Макаль,"/Piatrus_Makal/Dajcie,_charei_i_jamby.html"
184_0053,184_Пятрусь Макаль,"/Piatrus_Makal/Dzien_dobry,_nieba.html"
184_0063,184_Пятрусь Макаль,"/Piatrus_Makal/Zabyusy,_sto_takoje_zmora.html"
184_0065,184_Пятрусь Макаль,"/Piatrus_Makal/Zdajecca,_vycarpau_siabie.html"
184_0066,184_Пятрусь Макаль,"/Piatrus_Makal/Zdajecca,_zahojeny_rany.html"
184_0076,184_Пятрусь Макаль,"/Piatrus_Makal/Kazuc,_davoli.html"
184_0110,184_Пятрусь Макаль,"/Piatrus_Makal/Nie_bojsia,_sto_sum.html"
184_0126,184_Пятрусь Макаль,"/Piatrus_Makal/Pacuju,_jak_zauruk_spiavaje.html"
184_0131,184_Пятрусь Макаль,"/Piatrus_Makal/Pisu_ja_toje,_cym_zyvu.html"
184_0132,184_Пятрусь Макаль,"/Piatrus_Makal/Pole,_pole.html"
184_0142,184_Пятрусь Макаль,"/Piatrus_Makal/Rasstajusia,_jak_ptach.html"
184_0172,184_Пятрусь Макаль,"/Piatrus_Makal/Uvachodziac,_jak_zakonnyja.html"
184_0176,184_Пятрусь Макаль,"/Piatrus_Makal/Uradzaj,_uradzaj.html"
184_0196,184_Пятрусь Макаль,"/Piatrus_Makal/Ja_viedaju,_z_zyccia_nie_zrobis_kazku.html"
184_0197,184_Пятрусь Макаль,"/Piatrus_Makal/Ja_dumau,_ty_maja_turbota.html"
184_0202,184_Пятрусь Макаль,"/Piatrus_Makal/Ja,_dapytlivaje_chlapcania.html"
184_0209,184_Пятрусь Макаль,"/Piatrus_Makal/Jakoje_jano,_majo_scascie.html"
184_0210,184_Пятрусь Макаль,"/Piatrus_Makal/Jasnasci,_jasnasci.html"
184_0232,184_Пятрусь Макаль,"/Piatrus_Makal/Brasy,_sabaka.html"
184_0235,184_Пятрусь Макаль,"/Piatrus_Makal/Byvaj,_niamiha.html"
184_0252,184_Пятрусь Макаль,"/Piatrus_Makal/Hary,_majo_sviatlo.html"
184_0369,184_Пятрусь Макаль,"/Piatrus_Makal/Pracuj,_raziec_sviatla.html"
184_0377,184_Пятрусь Макаль,"/Piatrus_Makal/Ranak,_dzien_i_viecar.html"
184_0401,184_Пятрусь Макаль,"/Piatrus_Makal/Siabru,_jaki_spiasajecca.html"
184_0403,184_Пятрусь Макаль,"/Piatrus_Makal/Tabie,_backouskaja_ziamla.html"
184_0439,184_Пятрусь Макаль,"/Piatrus_Makal/Jak_roj,_sniazynki.html"
187_0003,187_Юрась Свірка,"/Michail_Lermantau/Byvaj,_niamytaja_Rasija_svirka.html"
187_0032,187_Юрась Свірка,"/Siarhiej_Jasienin/Klon_ty_moj_apaly,_klon_abledzianiely.html"
191_0003,191_Рыгор Барадулін,"/Ryhor_Baradulin/Boza,_paspahadaj_usim.html"
191_0007,191_Рыгор Барадулін,"/Ryhor_Baradulin/Pakul_zyvies,_razvitvajsia_z_zycciom.html"
191_0057,191_Рыгор Барадулін,"/Alaksandar_Puskin/Scaslivy_ja,_kali_mahu_pakinuc.html"
191_0069,191_Рыгор Барадулін,"/Siarhiej_Jasienin/Bjecca_u_vokny_miesiac,_a_pad_vokny_-_viecier.html"
191_0082,191_Рыгор Барадулін,"/Siarhiej_Jasienin/Klon_ty_moj_apaly,_klon_zaledzianiely.html"
191_0087,191_Рыгор Барадулін,"/Siarhiej_Jasienin/Listapadzicca,_liscie_padaje.html"
191_0089,191_Рыгор Барадулін,"/Siarhiej_Jasienin/Nie_blukac,_nie_miac_kustou_barvianych.html"
191_0091,191_Рыгор Барадулін,"/Siarhiej_Jasienin/Nie_scadzis_mianie_ty,_nie_kachajes.html"
191_0097,191_Рыгор Барадулін,"/Siarhiej_Jasienin/Rankam,_dzie_dremle_zmora.html"
191_0101,191_Рыгор Барадулін,"/Siarhiej_Jasienin/Snieznaja_raunina,_pouni_bielizna.html"
191_0107,191_Рыгор Барадулін,"/Siarhiej_Jasienin/Tam,_dzie_uschod_kapusnyja_hradki.html"
191_0113,191_Рыгор Барадулін,"/Siarhiej_Jasienin/Cujes_-_sani_honiac,_cujes_-_sani_honiac.html"
191_0114,191_Рыгор Барадулін,"/Siarhiej_Jasienin/Sahane_ty_maja,_Sahane.html"
193_0028,193_Васіль Зуёнак,"/Hanna_Achmatava/Nie,_nie_byc_tabie_u_zyvych.html"
193_0029,193_Васіль Зуёнак,"/Hanna_Achmatava/Pasnaryusy_u_pamiaci_cornaj,_kutok.html"
193_0031,193_Васіль Зуёнак,"/Alaksandar_Blok/Noc,_vulica,_lichtar,_apteka_zu.html"
193_0033,193_Васіль Зуёнак,"/Valery_Brusau/Ja_pomniu_viecier,_bledno-skromnyj.html"
193_0041,193_Васіль Зуёнак,"/Alaksandar_Puskin/Pryhazuni,_jakaja_niuchala_tytun.html"
196_0044,196_Янка Сіпакоў,"/Janka_Sipakou/Ach,_jak_viasielicca_haj_pad_suhrevam.html"
196_0045,196_Янка Сіпакоў,"/Janka_Sipakou/Achviaraj_stau,_a_usio-tki_pieramoh.html"
196_0057,196_Янка Сіпакоў,"/Janka_Sipakou/Vitannie,_ranica.html"
196_0058,196_Янка Сіпакоў,"/Janka_Sipakou/Vos_jana,_piramida.html"
196_0059,196_Янка Сіпакоў,"/Janka_Sipakou/Vy_kazacie,_heta_dzied_Heta_z_backa.html"
196_0060,196_Янка Сіпакоў,"/Janka_Sipakou/Vy_kazacie,_jon_pamior.html"
196_0061,196_Янка Сіпакоў,"/Janka_Sipakou/Viadzi_mianie,_zialonaja_radzima.html"
196_0068,196_Янка Сіпакоў,"/Janka_Sipakou/Dzie_nam_balic,_tam_i_dusa.html"
196_0072,196_Янка Сіпакоў,"/Janka_Sipakou/Dobry_dzien_tabie,_viecar.html"
196_0083,196_Янка Сіпакоў,"/Janka_Sipakou/Zdarajecca,_naplynie_dabrynia.html"
196_0086,196_Янка Сіпакоў,"/Janka_Sipakou/Zrazumiec,_sto_ty_-_narod.html"
196_0094,196_Янка Сіпакоў,"/Janka_Sipakou/Kajsyn_Kulijeu,_mudry_horac.html"
196_0106,196_Янка Сіпакоў,"/Janka_Sipakou/Kon,_sivy_ad_hadou.html"
196_0108,196_Янка Сіпакоў,"/Janka_Sipakou/Lahcej_vy_pamirali,_nasy_prascury.html"
196_0111,196_Янка Сіпакоў,"/Janka_Sipakou/Latajuc_ryby_u_vadzie,_by_u_niebie.html"
196_0117,196_Янка Сіпакоў,"/Janka_Sipakou/Minula_uzo_viasna,_napieradzie_zima.html"
196_0125,196_Янка Сіпакоў,"/Janka_Sipakou/Nie_bajusia_ja_ciazkaj,_dalokaj_chady.html"
196_0126,196_Янка Сіпакоў,"/Janka_Sipakou/Nie_viedaju,_sto_robicca_sa_mnoj.html"
196_0129,196_Янка Сіпакоў,"/Janka_Sipakou/Nie,_na_kachannie_lancuhou_niama.html"
196_0136,196_Янка Сіпакоў,"/Janka_Sipakou/O,_kolki_zvanniau_z_lohkaje_ruki.html"
196_0140,196_Янка Сіпакоў,"/Janka_Sipakou/Pasiviela_dusa,_pasiviela.html"
196_0144,196_Янка Сіпакоў,"/Janka_Sipakou/Radzima,_daj_mnie_adnojcy.html"
196_0147,196_Янка Сіпакоў,"/Janka_Sipakou/Ryby_chocuc_latac,_jak_ptuski.html"
196_0150,196_Янка Сіпакоў,"/Janka_Sipakou/Spatykniessia_ab_cervien,_byvaje.html"
196_0154,196_Янка Сіпакоў,"/Janka_Sipakou/Siadzim,_smiajomsia_za_stalom.html"
196_0156,196_Янка Сіпакоў,"/Janka_Sipakou/Tam,_niedzie_za_haroj_svaich_hadou.html"
196_0162,196_Янка Сіпакоў,"/Janka_Sipakou/Ty_laski_prahnies,_nibyta_dzicia.html"
196_0168,196_Янка Сіпакоў,"/Janka_Sipakou/U_sadzie,_niby_ukapany.html"
196_0181,196_Янка Сіпакоў,"/Janka_Sipakou/Ci_bacyli_vy,_jak_kamien.html"
196_0187,196_Янка Сіпакоў,"/Janka_Sipakou/Sto_z_taboj,_sviecie_moj_luby.html"
196_0188,196_Янка Сіпакоў,"/Janka_Sipakou/Scaslivaja_takaja_z,_jak_i_ty.html"
196_0214,196_Янка Сіпакоў,"/Janka_Sipakou/Akno,_rascynienaje_u_zimu.html"
196_0244,196_Янка Сіпакоў,"/Janka_Sipakou/Harady,_jakich_niama.html"
196_0318,196_Янка Сіпакоў,"/Janka_Sipakou/Manaloh_miadzviedzia,_jaki_pasla_piersaj_spiacki_vyjsau_z_biarlohi.html"
196_0329,196_Янка Сіпакоў,"/Janka_Sipakou/Napierad,_napierad.html"
196_0353,196_Янка Сіпакоў,"/Janka_Sipakou/Palavannie,_sumnyja_trafiei.html"
196_0404,196_Янка Сіпакоў,"/Janka_Sipakou/Son,_byccam_java.html"
196_0414,196_Янка Сіпакоў,"/Janka_Sipakou/Tam,_dzie_Sibir.html"
196_0415,196_Янка Сіпакоў,"/Janka_Sipakou/Tam,_u_dziacinstvie.html"
196_0425,196_Янка Сіпакоў,"/Janka_Sipakou/Tyja,_sto_iduc.html"
196_0432,196_Янка Сіпакоў,"/Janka_Sipakou/Usio,_sto_da_pary.html"
196_0460,196_Янка Сіпакоў,"/Janka_Sipakou/Prijatielu,_ako_iskas-bul.html"
214_0006,214_Анатоль Грачанікаў,"/Anatol_Hracanikau/Sviaci,_kachannia_cystaja_zara.html"
235_0002,235_Ніна Мацяш,"/Nina_Macias/I_pryjdzie_noc,_i_noc_minie.html"
251_0051,251_Раіса Баравікова ,"/Raisa_Baravikova/Lon-Lanok,_albo_Kampakt-Dysk_ad_zialonaha_Drejka.html"
251_0072,251_Раіса Баравікова ,"/Braty_Hrym/Karol-zabiania,_albo_Zalezny_Hiejnrych.html"
261_0004,261_Яўгенія Янішчыц,"/Jauhienija_Janiscyc/Pacynajecca_usio_z_lubvi_Viersy,_paemy.html"
261_0009,261_Яўгенія Янішчыц,"/Jauhienija_Janiscyc/Nie_voblaka,_a_prosta_ablacynka.html"
261_0011,261_Яўгенія Янішчыц,"/Jauhienija_Janiscyc/Pomniu,_pomniu_praz_hady.html"
261_0014,261_Яўгенія Янішчыц,"/Jauhienija_Janiscyc/Ci_uspomnicca,_ci_uspomnicca.html"
